ID,Date,NOAA_AR,Comments_1,Links,Solar_region,Comments_2,FIL_activation_time,Flare_presence,fil_lon1,fil_lat1,fil_lon2,fil_lat2,fil_length,fil_length.Mm,gcs_lat,gcs_lon,gcs_radial_vel_at2,gcs_radial_vel_at6,gcs_mean_acc1to6,gcs_awd,gcs_awd_err,gcs_awl,gcs_awl_err,gcs_awl_awd_ratio,gcs_aspect_ratio,gcs_axial_vel,gcs_lat_vel,ar_source,ar_unsigned_flux,ar_mean_current_helicity,ar_total_unsigned_current_helicity,ar_abs_net_current_helicity,ar_excess_mag_energy_density,ar_free_energy_density,ar_time_tilt,ar_tilt,pil_length,EUV loops comments,Instrument,ROI box [arcsec],EUV loops data start time,EUV loops data end time,Favorite link Hebe
1,12/12/2010,---,Filamento polonorte lado este. Se ve super bien en Stereo B,"https://cdaw.gsfc.nasa.gov/movie/make_javamovie.php?stime=20101212_0044&etime=20101212_1008&img1=lasc2rdf&title=20101212.050006.p036g;V=485km/s

https://cdaw.gsfc.nasa.gov/movie/make_javamovie.php?img1=stb_e304&img2=sta_e304&stime=20101212_0000&etime=20101213_0000

https://www.solarmonitor.org/full_disk.php?date=20101212&type=shmi_maglc&region=&indexnum=1",Cuadrante Noreste; Limbo solar,"Ver PELs en AIA 193, siguen hacia el E en EUVI-B",Algún momento entre la 01:00 y las 2:00,No,46.5,56.7,182,59.5,"711,210.90",711.21,46,-26,135,340,17,27,7,51,13,1.89,0.2334453639,111,190,Backsided,,,,,,,,--,,"NW en EUVI-B, pero para medir mejor usar AIA (todo el N, no alcanza el NE)",AIA,-838/1065/400/400,2010/12/12 1:00:00,2010/12/12 15:00:00,https://cdaw.gsfc.nasa.gov/movie/make_javamovie.php?img1=stb_e195&img2=sdo_a193&stime=20101212_0000&etime=20101212_1500
2,14/12/2010,11133.11134,Se ve claramente que sale de las AR 11133 & 11134,"https://cdaw.gsfc.nasa.gov/movie/make_javamovie.php?stime=20101214_0842&etime=20101215_0318&img1=lasc2rdf&title=20101214.230556.p041g;V=447km/s

https://cdaw.gsfc.nasa.gov/movie/make_javamovie.php?img1=stb_e304&img2=sta_e304&stime=20101214_1200&etime=20101214_1600

https://www.solarmonitor.org/full_disk.php?date=20101214&type=shmi_maglc&region=&indexnum=11",Cuadrante Noroeste,Plots Lucho,"13:37:00, Flare start 15:03, flare peak 15:50",C23,166,40.2,181,13.5,"361,420.00",361.42,45,46,391,984,146,47,13,87,24,1.85,0.3987490689,670,1039,S,5.78E+21,-1.21E-02,3.22E+02,1.06E+02,7.42E+03,8.61E+22,2010/12/14 13:37:00,92.7,69.7,"Se ve en AIA al oeste, pero mejor usar EUVI-A cuadrante NE",EUVI-A,-857/620/-157/132,2010/12/14 14:50:00,2010/12/14 23:59:00,https://cdaw.gsfc.nasa.gov/movie/make_javamovie.php?img1=sta_e195&img2=sdo_a193&stime=20101214_1500&etime=20101214_2359
3,17/03/2011,---,Rear disk,"https://cdaw.gsfc.nasa.gov/movie/make_javamovie.php?stime=20110317_1128&etime=20110317_1602&img1=lasc2rdf&title=20110317.123606.p128g;V=739km/s

https://cdaw.gsfc.nasa.gov/movie/make_javamovie.php?img1=stb_e304&img2=sta_e304&stime=20110317_0000&etime=20110318_0000",Detrás,,"12:21:00, Flare start 11:50, flare peak 11:53",B46,183,-18.6,184,-24.4,"71,324.35",71.32,-24,-149,348,877,116,53,15,143,38,2.70,0.4461978131,1319,2489,Backsided,,,,,,,,--,,"Se ve en cuadrante SE de EUVI-B, cerca de su limbo, no muy feliz",EUVI-B,-1200/0/-500/-700,2011/03/17 10:00,2011/03/17 22:00,https://cdaw.gsfc.nasa.gov/movie/make_javamovie.php?img1=stb_e195&img2=sdo_a193&stime=20110317_1000&etime=20110317_2200
4,05/06/2011,11231.11232,"Se observa arriba
 de la AR 11232","https://cdaw.gsfc.nasa.gov/movie/make_javamovie.php?stime=20110605_0203&etime=20110605_1129&img1=lasc2rdf&title=20110605.082414.p295g;V=807km/s

https://cdaw.gsfc.nasa.gov/movie/make_javamovie.php?img1=stb_e304&img2=sta_e304&stime=20110605_0000&etime=20110606_0000

https://www.solarmonitor.org/full_disk.php?date=20110605&type=shmi_maglc&region=&indexnum=1",Cuadrante Noreste,Plots Lucho,3:55,No,323,41.2,352,28.2,"327,498.80",327.50,33,-38,107,271,11,38,10,94,22,2.47,0.3255681545,172,321,S,5.72E+21,1.87E-03,3.62E+02,1.72E+01,5.48E+03,6.84E+22,2011/06/05 3:55:00,126,42.2,"En los EUVIs es muy limbo, no sirven. Se ve en cuad NE de AIA.",AIA,-700/750/-40/123,2011/06/05 3:00:00,2011/06/05 16:00:00,https://cdaw.gsfc.nasa.gov/movie/make_javamovie.php?img1=stb_e195&img2=sdo_a193&stime=20110605_0300&etime=20110605_1600
5,23/01/2013,11661,Filamento arriba ,"https://cdaw.gsfc.nasa.gov/movie/make_javamovie.php?stime=20130123_1300&etime=20130123_1811&img1=lasc2rdf&title=20130123.141205.p016g;V=530km/s

https://cdaw.gsfc.nasa.gov/movie/make_javamovie.php?img1=stb_e304&img2=sta_e304&stime=20130123_0000&etime=20130124_0000","Cuadrante Noreste, cerca del centro",,13:06,No,12.5,4.5,342,25.8,"438,916.61",438.92,42,-12,250,601,53,47,13,77,21,1.64,0.3987490689,363,512,Custom,,,,,,,,143,,"Backsided para A, behind NW limb para B, sólo sirve AIA cuad NE",AIA,-850/700/-330/170,2013/01/23 12:00:00,2013/01/23 20:00:00,https://cdaw.gsfc.nasa.gov/movie/make_javamovie.php?img1=stb_e195&img2=sdo_a193&stime=20130123_1200&etime=20130123_2000
6,29/01/2013,11662,"Se observa arriba
 de la AR 11662","https://cdaw.gsfc.nasa.gov/movie/make_javamovie.php?stime=20130129_0122&etime=20130129_0758&img1=lasc2rdf&title=20130129.023605.p349g;V=323km/s

https://cdaw.gsfc.nasa.gov/movie/make_javamovie.php?img1=stb_e304&img2=sta_e304&stime=20130129_0000&etime=20130130_0000

https://www.solarmonitor.org/full_disk.php?date=20130129&type=shmi_maglc&region=&indexnum=1",Norte,"Plots Lucho -- ojo en realidad el filamento está al norte de la AR 11662, entonces tilt AR distinto de tilt filamento",1:18,No,303,42.1,316,38.7,"126,944.17",126.94,63,19,229,416,21,31,9,54,16,1.74,0.2672383761,130,188,S,4.35E+21,-5.72E-03,2.48E+02,3.94E+01,7.64E+03,7.01E+22,2013/01/29 1:18:00,46.8,112.7,"Backsided para A y B, N para AIA",AIA,-400/1000/250/350,2013/01/29 0:00:00,2013/01/29 8:00:00,https://cdaw.gsfc.nasa.gov/movie/make_javamovie.php?img1=stb_e195&img2=sdo_a193&stime=20130129_0000&etime=20130129_0800
7,09/02/2013,"11669,11670","Se observa claramente
 que sale de la AR ","https://cdaw.gsfc.nasa.gov/movie/make_javamovie.php?stime=20130209_0524&etime=20130209_1016&img1=lasc2rdf&title=20130209.063605.p352g;V=617km/s

https://cdaw.gsfc.nasa.gov/movie/make_javamovie.php?img1=stb_e304&img2=sta_e304&stime=20130209_0000&etime=20130210_0000

https://www.solarmonitor.org/full_disk.php?date=20130209&type=shmi_maglc&region=&indexnum=1","Oeste, limbo solar",Plots Lucho,"05:40:00, Flare start 05:30, flare peak 06:40",C24,167,30.5,178,20.5,"170,897.98",170.90,26,10,393,991,148,34,9,64,16,1.88,0.2923717047,442,694,Custom,8.33E+21,-8.81E-04,7.06E+02,1.33E+01,9.03E+03,1.65E+23,2013/02/09 5:40:00,145,71.51,"Backsided para A y B, N para AIA",AIA,-350/800/350/180,2013/02/09 5:00:00,2013/02/09 12:00:00,https://cdaw.gsfc.nasa.gov/movie/make_javamovie.php?img1=stb_e195&img2=sdo_a193&stime=20130209_0500&etime=20130209_1200
8,24/04/2013,---,Rear disk,"https://cdaw.gsfc.nasa.gov/movie/make_javamovie.php?stime=20130424_0459&etime=20130424_0956&img1=lasc2rdf&title=20130424.061207.p159g;V=596km/s

https://cdaw.gsfc.nasa.gov/movie/make_javamovie.php?img1=stb_e304&img2=sta_e304&stime=20130424_0000&etime=20130425_0000","Cuadrante sureste, limbo solar (R)",,5:16,Backsided,131,-29.6,158,-30.7,"283,122.46",283.12,-49,-148,358,874,114,33,9,46,13,1.39,0.2840153447,303,379,Backsided,,,,,,,,--,,"Backsided para A, behind limb para AIA, se ve en EUVI-B south cuad",EUVI-B,-300/-50/650/-800,2013/04/24 4:00:00,2013/04/24 18:00:00,https://cdaw.gsfc.nasa.gov/movie/make_javamovie.php?img1=stb_e195&img2=sdo_a193&stime=20130424_0400&etime=20130424_1800
9,02/05/2013,11731,"Se ve un flare en 304 en la region 11731, y se logra ver la erupción en stereo A por triangulación la cme parece venir de ahí confirmar con hebe","https://cdaw.gsfc.nasa.gov/movie/make_javamovie.php?img1=stb_e304&img2=sta_e304&stime=20130501_0000&etime=20130502_1200

https://cdaw.gsfc.nasa.gov/movie/make_javamovie.php?stime=20130502_0257&etime=20130502_0830&img1=lasc2rdf&title=20130502.040005.p086g;V=289km/s","Cuadrante Noroeste, cerca del centro",Plots Lucho,"04:58 Flare start 04:58, flare peak 05:10",M11,197,12.9,199,11,"33,115.41",33.12,36,13,613,740,30,31,9,65,18,2.10,0.2672383761,304,539,S,2.30E+22,4.03E-03,2.10E+03,1.68E+02,5.16E+03,2.87E+23,2013/05/02 4:58:00,81,200.4,"Backsided para A y B, se ve en AIA pero loops solo en una esquina de la erupción, es lo que medí, tomar con pinzas",AIA,10/570/700/0,2013/05/02 4:00:00,2013/05/02 12:00:00,https://cdaw.gsfc.nasa.gov/movie/make_javamovie.php?img1=stb_e195&img2=sdo_a193&stime=20130502_0400&etime=20130502_1200
10,17/05/2013,---,Se ve re bien que sale del Rear disk en stereo A & B,"https://cdaw.gsfc.nasa.gov/movie/make_javamovie.php?stime=20130517_1928&etime=20130518_0112&img1=lasc2rdf&title=20130517.203607.p142g;V=424km/s

https://cdaw.gsfc.nasa.gov/movie/make_javamovie.php?img1=stb_e304&img2=sta_e304&stime=20130517_0000&etime=20130518_0000","Sur, limbo solar",,18:56,Backsided,130,-42,151,-21.5,"328,237.81",328.24,-49,154,306,620,52,38,10,68,17,1.79,0.3255681545,330,513,Backsided,,,,,,,,--,,"Se ve en A (SW) y B, pero mejor B (SE)",EUVI-B,-800/-100/-100/-715,2013/05/17 18:00:00,2013/05/18 10:00:00,https://cdaw.gsfc.nasa.gov/movie/make_javamovie.php?img1=stb_e195&img2=sdo_a193&stime=20130517_1800&etime=20130518_1000
11,27/05/2013,---, Se ve re bien que sale del Rear disk en stereo A & B,"https://cdaw.gsfc.nasa.gov/movie/make_javamovie.php?stime=20130527_1818&etime=20130527_2330&img1=lasc2rdf&title=20130527.192405.p146g;V=528km/s

https://cdaw.gsfc.nasa.gov/movie/make_javamovie.php?img1=stb_e304&img2=sta_e304&stime=20130527_0000&etime=20130528_0000","Cuadrante sureste, limbo solar ",,18:16,Backsided,32.7,-29,73.8,-27.3,"437,236.44",437.24,-49,-134,249,587,50,47,12,81,22,1.72,0.3987490689,358,511,Backsided,,,,,,,,--,,"Backsided para AIA, limbo para A, se ve en EUVI-B, South central meridian",EUVI-B,-450/-100/480/-750,2013/05/27 16:00:00,2013/05/28 8:00:00,https://cdaw.gsfc.nasa.gov/movie/make_javamovie.php?img1=sta_e195&img2=stb_e195&stime=20130527_1600&etime=20130528_0800
12,08/06/2013,11762,"Se ve que sale de la AR anotada, muy en el limbo","https://cdaw.gsfc.nasa.gov/movie/make_javamovie.php?stime=20130607_2022&etime=20130608_0048&img1=lasc2rdf&title=20130607.220005.p096g;V=195km/s

https://cdaw.gsfc.nasa.gov/movie/make_javamovie.php?img1=stb_e304&img2=sta_e304&stime=20130607_0000&etime=20130608_0000","Cuadrante sureste, limbo solar ",Plots Lucho,"22:11 Flare start 22:11, flare peak 22:49",M59,122,-34,128,-26,"115,769.89",115.77,-61,77,687,692,1,53,14,70,18,1.32,0.4461978131,506,619,S,1.21E+22,3.82E-04,4.92E+02,3.00E+00,4.90E+03,1.18E+23,2013/06/07 22:11:00,81,,"Backsided para B, limbo para A y AIA, se ve mejor en EUVI-A SE. Pero no veo post-eruptive stuff",EUVI-A,SE,2013/06/07 22:00:00,2013/06/08 12:00:00,
13,3/3/2011,11165,"Es una CME tipo ""stealth"", no se ve el momento en que se origina, parece venir de un FR que estaba suspendido alto en la corona, a juzgar por lo que muestran los EUVIs y COR1s","https://cdaw.gsfc.nasa.gov/movie/make_javamovie.php?stime=20110303_0523&etime=20110303_1247&img1=lasc2rdf&title=20110303.061205.p204g;V=263km/s

https://cdaw.gsfc.nasa.gov/movie/make_javamovie.php?img1=stb_e195&img2=sta_e195&stime=20110303_0000&etime=20110303_0400

https://cdaw.gsfc.nasa.gov/movie/make_javamovie.php?step=2&img1=sdo_a193&img2=sdo_a304&stime=20110302_2123&etime=20110303_0447",No sabemos pero meridiano central al sur,,,,,,,,,0.00,,,,,,,,,,,,,,,,,,,,,,,,"Limb for A and B, south central meridian for AIA",AIA,S,"No sirve, stealth ","No sirve, stealth ",
14,27/4/2011,---,,https://cdaw.gsfc.nasa.gov/movie/make_javamovie.php?stime=20110427_0641&etime=20110427_1131&img1=lasc2rdf&title=20110427.074806.p329g;V=634km/s https://cdaw.gsfc.nasa.gov/movie/make_javamovie.php?img1=stb_cor2&img2=sta_cor2&stime=20110427_0000&etime=20110428_0000  https://cdaw.gsfc.nasa.gov/movie/make_javamovie.php?img1=stb_e304&img2=sta_e304&stime=20110427_0000&etime=20110428_0000 https://sdo.gsfc.nasa.gov/data/aiahmi/browse/movie.php,backsided,,,,,,,,,0.00,,,,,,,,,,,,,,,,,,,,,,,,"Backsided for AIA, limb for B, seen in EUVI-A",EUVI-A,NW,2011/04/27 5:00:00,2011/04/27 16:00:00,
15,23/5/2011,---,"Sale de un filamento cercano al ecuador, no hay AR",https://cdaw.gsfc.nasa.gov/movie/make_javamovie.php?stime=20110523_0000&etime=20110523_0959&img1=lasc2rdf&title=20130530.102407.p050g;V=404km/s https://cdaw.gsfc.nasa.gov/movie/make_javamovie.php?img1=stb_e304&img2=sta_e304&stime=20110523_0000&etime=20110523_0859 https://cdaw.gsfc.nasa.gov/movie/make_javamovie.php?img1=stb_cor2&img2=sta_cor2&stime=20110523_0000&etime=20110523_1859,Levemente al noreste del meridiano central.,,,,,,,,,0.00,,,,,,,,,,,,,,,,,,,,,,,,"Limb for A and B, NE for AIA",AIA,NE,2011/05/23 0:00:00,2011/05/23 10:00:00,
16,16/1/2013,---,Filamento debajo de NOAA 11650,https://cdaw.gsfc.nasa.gov/movie/make_javamovie.php?stime=20130116_0621&etime=20130116_1542&img1=lasc2rdf&title=20130116.071205.p201g;V=860km/s https://cdaw.gsfc.nasa.gov/movie/make_javamovie.php?img1=stb_cor2rd&img2=sta_cor2rd&stime=20130116_0600&etime=20130116_1600 https://cdaw.gsfc.nasa.gov/movie/make_javamovie.php?img1=stb_e195&img2=sta_e195&stime=20130116_0400&etime=20130116_1200,Backsided. Frontsided para Stereo A.,,,,,,,,,0.00,,,,,,,,,,,,,,,,,,,,,,,,"Limb for AIA and B, south central to E in EUVI-A",EUVI-A,S,2013/01/16 5:00:00,2013/01/16 15:00:00,
17,23/1/2013,---,No hacemos .pro porque el evento es muy tenue y se superponen CME,https://cdaw.gsfc.nasa.gov/movie/make_javamovie.php?stime=20130123_2021&etime=20130124_0442&img1=lasc2rdf&title=20130116.071205.p201g;V=860km/s https://cdaw.gsfc.nasa.gov/movie/make_javamovie.php?img1=stb_cor2rd&img2=sta_cor2rd&stime=20130123_2100&etime=20130124_0600 https://cdaw.gsfc.nasa.gov/movie/make_javamovie.php?img1=stb_e195&img2=sta_e195&stime=20130123_2100&etime=20130124_0600,Backsided. Frontsided para Stereo B.,,,,,,,,,0.00,,,,,,,,,,,,,,,,,,,,,,,,"Almost limb for EUVI-B, backsided for A",AIA,NE,2013/01/23 18:00:00,2013/01/24 8:00:00,
18,27/1/2013,---,"Filamento al noroeste, sobre el limbo","https://cdaw.gsfc.nasa.gov/movie/make_javamovie.php?stime=20130127_0631&etime=20130127_0936&img1=lasc2rdf&title=20130127.080006.p042g;V=839km/s https://cdaw.gsfc.nasa.gov/movie/make_javamovie.php?img1=stb_cor2&img2=sta_cor2&stime=20130127_0000&etime=20130128_0000 
https://cdaw.gsfc.nasa.gov/movie/make_javamovie.php?img1=stb_e195&img2=sta_e195&stime=20130127_0000&etime=20130128_0000 
https://sdo.gsfc.nasa.gov/data/dailymov/movie.php?q=20130127_1024_0304","Creemos por Stereo A que es Cuadrante Noroeste, pero no se visualiza muy bien",,,,,,,,,0.00,,,,,,,,,,,,,,,,,,,,,,,,"Backsided for AIA, limb for EUVI-B, seen in EUVI-A to the NNW",EUVI-A,N,2013/01/27 5:00:00,2013/01/27 14:00:00,
19,6/2/2013,11667,,"https://sdo.gsfc.nasa.gov/data/dailymov/movie.php?q=20130206_1024_0304 https://cdaw.gsfc.nasa.gov/movie/make_javamovie.php?stime=20130205_2100&etime=20130206_0250&img1=lasc2rdf&title=20130206.002405.p031g;V=1867km/s                         
https://cdaw.gsfc.nasa.gov/movie/make_javamovie.php?img1=stb_e304&img2=sta_e304&stime=20130206_0000&etime=20130207_0000 https://cdaw.gsfc.nasa.gov/movie/make_javamovie.php?img1=stb_cor2&img2=sta_cor2&stime=20130205_2200&etime=20130207_0000",Cuadrante Noreste,No confundir con otra CME que comienza a las 4:00:00. En un EUVI A no alcanza a apreaciarse con claridad la CME.,,,,,,,,0.00,,,,,,,,,,,,,,,,,,,,,,,,,,,,,
20,19/2/2013,---,filamento al norte de la AR 11675,https://cdaw.gsfc.nasa.gov/movie/make_javamovie.php?img1=stb_cor2&img2=sta_cor2&stime=20130219_0000&etime=20130220_0000 https://cdaw.gsfc.nasa.gov/movie/make_javamovie.php?img1=stb_e304&img2=sta_e304&stime=20130219_0000&etime=20130220_0000 https://sdo.gsfc.nasa.gov/data/dailymov/movie.php?q=20130219_1024_0304,Cuadrante Noreste - Limbo Solar,No se aprecia desde Stereo EUVI A,,,,,,,,0.00,,,,,,,,,,,,,,,,,,,,,,,,,,,,,
21,24/2/2013,---,,https://cdaw.gsfc.nasa.gov/movie/make_javamovie.php?stime=20130224_0621&etime=20130224_1242&img1=lasc2rdf&title=20130116.071205.p201g;V=860km/s https://cdaw.gsfc.nasa.gov/movie/make_javamovie.php?img1=stb_cor2rd&img2=sta_cor2rd&stime=20130224_0600&etime=20130224_1500 https://cdaw.gsfc.nasa.gov/movie/make_javamovie.php?img1=stb_e304&img2=sta_e304&stime=20130224_0600&etime=20130224_1200,Backsided. Frontsided para Stereo B.,,,,,,,,,0.00,,,,,,,,,,,,,,,,,,,,,,,,,,,,,
22,27/2/2013,---,,https://cdaw.gsfc.nasa.gov/movie/make_javamovie.php?stime=20130227_0912&etime=20130227_2256&img1=lasc2rdf&title=20130227.111205.p335g;V=303km/s https://cdaw.gsfc.nasa.gov/movie/make_javamovie.php?img1=stb_cor2&img2=sta_cor2&stime=20130227_0000&etime=20130228_0000                        https://cdaw.gsfc.nasa.gov/movie/make_javamovie.php?img1=stb_e304&img2=sta_e304&stime=20130227_0000&etime=20130228_0000 https://sdo.gsfc.nasa.gov/data/dailymov/movie.php?q=20130227_1024_0304,Backsided. Muy polar. Creemos que debería verse desde el disco desde A. Se dirigiría hacia A pero no lo visualizamos.,,,,,,,,,0.00,,,,,,,,,,,,,,,,,,,,,,,,,,,,,
23,2/3/2013,---,,https://cdaw.gsfc.nasa.gov/movie/make_javamovie.php?stime=20130302_0617&etime=20130302_1817&img1=lasc2rdf&title=20130302.133620.p082g;V=387km/s https://cdaw.gsfc.nasa.gov/movie/make_javamovie.php?img1=stb_cor2&img2=sta_cor2&stime=20130302_0000&etime=20130303_0000,Es backsided,"El CME polar con la cavidad circular que se aprecia en Lasco. Cuidado que a las 12:24 aparece otra CME angosto que no es de nuestro interés. Está en el limbo de stereo B, muy backsided, no se aprecia en stereo A",,,,,,,,0.00,,,,,,,,,,,,,,,,,,,,,,,,,,,,,
24,12/3/2013,11690.11691,,https://cdaw.gsfc.nasa.gov/movie/make_javamovie.php?stime=20130312_0925&etime=20130312_1633&img1=lasc2rdf&title=20130312.103605.p025g;V=1024km/s https://cdaw.gsfc.nasa.gov/movie/make_javamovie.php?img1=stb_cor2&img2=sta_cor2&stime=20130320_0400&etime=20130321_0400 https://cdaw.gsfc.nasa.gov/movie/make_javamovie.php?img1=stb_cor2&img2=sta_cor2&stime=20130312_0000&etime=20130313_0000,Meridiano Central. Es notoria la existencia del filamento.,,,,,,,,,0.00,,,,,,,,,,,,,,,,,,,,,,,,,,,,,
25,20/3/2013,---,,https://cdaw.gsfc.nasa.gov/movie/make_javamovie.php?stime=20130320_1800&etime=20130321_0312&img1=lasc2rdf&title=20130320.212405.p106g;V=158km/s https://cdaw.gsfc.nasa.gov/movie/make_javamovie.php?img1=stb_e304&img2=sta_e304&stime=20130320_0400&etime=20130321_0400                https://cdaw.gsfc.nasa.gov/movie/make_javamovie.php?img1=stb_cor2&img2=sta_cor2&stime=20130320_0400&etime=20130321_0400,Backsided. Muy polar. Y no se observa la fuente en ninguna de los EUVI ni en AIA. ,,,,,,,,,0.00,,,,,,,,,,,,,,,,,,,,,,,,,,,,,
26,24/3/2013,---,"No hacemos pro, eliminamos de la lista. Es muy tenue.",https://cdaw.gsfc.nasa.gov/movie/make_javamovie.php?stime=20130324_0748&etime=20130324_2156&img1=lasc2rdf&title=20130324.074805.p345g;V=180km/s https://cdaw.gsfc.nasa.gov/movie/make_javamovie.php?img1=stb_cor2&img2=sta_cor2&stime=20130324_0000&etime=20130325_0000,Cuadrante Noroeste (AIA). Cercana al limbo noreste (EUVI A). No se aprecia desde EUVI B.,,,,,,,,,0.00,,,,,,,,,,,,,,,,,,,,,,,,,,,,,
27,28/3/2013,---,Paper 2018,No hacemos el pro porque ya tenemos los parámetros en el paper.,,,,,,,,,,0.00,,,,,,,,,,,,,,,,,,,,,,,,,,,,,
28,3/4/2013,---,"Filamento que sale al norte, sin AR",https://cdaw.gsfc.nasa.gov/movie/make_javamovie.php?stime=20130403_0657&etime=20130403_0718&img1=lasc2rdf&title=20130403.085746.p012g;V=479km/s https://cdaw.gsfc.nasa.gov/movie/make_javamovie.php?img1=stb_cor2&img2=sta_cor2&stime=20130402_2000&etime=20130404_0000 https://cdaw.gsfc.nasa.gov/movie/make_javamovie.php?img1=stb_e304&img2=sta_e304&stime=20130402_1600&etime=20130404_1600 https://sdo.gsfc.nasa.gov/data/aiahmi/browse/movie.php,Sobre el meridiano central al norte,Las imágenes de Lasco C2 comienzan a las 8:30 cuando la CME ya se ha ido del campo visual y podría hacerse una excepción y verse desde Lasco C3. Por ello los horarios de Lasco correponden a Lasco C3 en este caso.,,,,,,,,0.00,,,,,,,,,,,,,,,,,,,,,,,,,,,,,
29,7/4/2013,---,,https://cdaw.gsfc.nasa.gov/movie/make_javamovie.php?stime=20130407_0331&etime=20130407_1236&img1=lasc2rdf&title=20130407.050006.p271g;V=185km/s                                                                                                      https://cdaw.gsfc.nasa.gov/movie/make_javamovie.php?img1=stb_cor2&img2=sta_cor2&stime=20130407_0000&etime=20130407_2359  https://cdaw.gsfc.nasa.gov/movie/make_javamovie.php?img1=stb_e304&img2=sta_e304&stime=20130407_0000&etime=20130408_1200                                                                                                                                                                                                                                          ,Backsided. Aunque puede apreciarse algo desde SDO.,"No se aprecia con claridad desde EUVI B, pero creemos que podría estar ocurriendo en el frente del disco desde B.",,,,,,,,0.00,,,,,,,,,,,,,,,,,,,,,,,,,,,,,
30,19/4/2013,---,"Filamento en polo norte, muy en limbo",https://cdaw.gsfc.nasa.gov/movie/make_javamovie.php?stime=20130419_1039&etime=20130419_2312&img1=lasc2rdf&title=20130419.170005.p276g;V=454km/s                                                            https://cdaw.gsfc.nasa.gov/movie/make_javamovie.php?img1=stb_cor2&img2=sta_cor2&stime=20130419_0000&etime=20130420_0000 https://cdaw.gsfc.nasa.gov/movie/make_javamovie.php?img1=stb_e304&img2=sta_e304&stime=20130419_0000&etime=20130420_0000 https://sdo.gsfc.nasa.gov/data/dailymov/movie.php?q=20130419_1024_0304,"Cuadrante Noroeste, limbo solar.",,,,,,,,,0.00,,,,,,,,,,,,,,,,,,,,,,,,,,,,,
31,20/04/2013,---,,https://cdaw.gsfc.nasa.gov/movie/make_javamovie.php?stime=20130419_2200&etime=20130420_1812&img1=lasc2rdf&title=20130419.170005.p276g;V=454km/s https://cdaw.gsfc.nasa.gov/movie/make_javamovie.php?img1=stb_cor2&img2=sta_cor2&stime=20130419_2200&etime=20130420_1800 https://cdaw.gsfc.nasa.gov/movie/make_javamovie.php?img1=stb_e195&img2=sta_e195&stime=20130419_1600&etime=20130420_1600 https://sdo.gsfc.nasa.gov/data/dailymov/movie.php?q=20130420_1024_0304,Backsided. ,"Cuidado, día de alta actividad solar. A partir de las 5:00:00 desde Lasco se ven otras CME. Dificultad al observar la fuente.",,,,,,,,0.00,,,,,,,,,,,,,,,,,,,,,,,,,,,,,
32,23/04/2013,---,Filamento sobre polo sur. no hay AR,https://cdaw.gsfc.nasa.gov/movie/make_javamovie.php?stime=20130423_0000&etime=20130423_2312&img1=lasc2rdf&title=20130419.170005.p276g;V=454km/s                                                                                                       https://cdaw.gsfc.nasa.gov/movie/make_javamovie.php?img1=stb_cor2&img2=sta_cor2&stime=20130423_0000&etime=20130424_0000                                                                                                                                                                                                                                             https://cdaw.gsfc.nasa.gov/movie/make_javamovie.php?img1=stb_e304&img2=sta_e304&stime=20130422_2000&etime=20130424_1200 https://sdo.gsfc.nasa.gov/data/dailymov/movie.php?q=20130423_1024_0304,"Cuadrante Sureste, limbo solar.",,,,,,,,,0.00,,,,,,,,,,,,,,,,,,,,,,,,,,,,,
33,24/04/2013,---,Backsided,https://cdaw.gsfc.nasa.gov/movie/make_javamovie.php?stime=20130424_1921&etime=20130425_1642&img1=lasc2rdf&title=20130116.071205.p201g;V=860km/s https://cdaw.gsfc.nasa.gov/movie/make_javamovie.php?img1=stb_cor2rd&img2=sta_cor2rd&stime=20130424_1900&etime=20130425_1800 https://cdaw.gsfc.nasa.gov/movie/make_javamovie.php?img1=stb_e195rd&img2=sta_e195rd&stime=20130424_1900&etime=20130425_0100,"Muy polar. Backsided para SDO, pero descargar imagenes de AIA porque se visualiza bien el filamento.",,,,,,,,,0.00,,,,,,,,,,,,,,,,,,,,,,,,,,,,,
34,26/04/2013,11730-sharp2677,Frontsided huge filament?-preguntar hebe,https://cdaw.gsfc.nasa.gov/movie/make_javamovie.php?stime=20130426_1921&etime=20130427_0242&img1=lasc2rdf&title=20130116.071205.p201g;V=860km/s https://sdo.gsfc.nasa.gov/data/dailymov/movie.php?q=20130426_1024_0304 https://cdaw.gsfc.nasa.gov/movie/make_javamovie.php?img1=stb_cor2rd&img2=sta_cor2rd&stime=20130426_1900&etime=20130427_0200                                               https://cdaw.gsfc.nasa.gov/movie/make_javamovie.php?img1=stb_e195&img2=sta_e195&stime=20130426_1900&etime=20130427_0100,Cuadrante Suroeste.,"Backsided para stereo A y B. Stereo A ve algo sobre su limbo, por lo que la fuente está en el lado oeste. ",,,,,,,,0.00,,,,,,,,,,,,,,,,,,,,,,,,,,,,,
35,07/05/2013,---,,https://cdaw.gsfc.nasa.gov/movie/make_javamovie.php?stime=20130507_0000&etime=20130507_2312&img1=lasc2rdf&title=20130419.170005.p276g;V=454km/s https://cdaw.gsfc.nasa.gov/movie/make_javamovie.php?img1=stb_e195&img2=sta_e195&stime=20130507_0000&etime=20130508_0000 https://cdaw.gsfc.nasa.gov/movie/make_javamovie.php?img1=stb_cor2&img2=sta_cor2&stime=20130507_0000&etime=20130508_0000,Backsided.,"Hay dos erupciones simultaneas en el polo sur, una a las 8:00hs y otra 14hs, la que nos interesa es la primera. Hebe cree que es frontsided para A.",,,,,,,,0.00,,,,,,,,,,,,,,,,,,,,,,,,,,,,,
36,08/05/2013,---,,https://cdaw.gsfc.nasa.gov/movie/make_javamovie.php?stime=20130508_1136&etime=20130508_1801&img1=lasc2rdf&title=20130508.133620.p192g;V=308km/s  https://cdaw.gsfc.nasa.gov/movie/make_javamovie.php?img1=stb_cor2&img2=sta_cor2&stime=20130508_0800&etime=20130508_2000 https://cdaw.gsfc.nasa.gov/movie/make_javamovie.php?img1=stb_e195rd&img2=sta_e195rd&stime=20130508_0800&etime=20130508_1800,Backsided. Frontsided para Stereo A.,,,,,,,,,0.00,,,,,,,,,,,,,,,,,,,,,,,,,,,,,
37,21/05/2013,---,,https://cdaw.gsfc.nasa.gov/movie/make_javamovie.php?stime=20130521_0000&etime=20130521_2312&img1=lasc2rdf&title=20130419.170005.p276g;V=454km/s https://cdaw.gsfc.nasa.gov/movie/make_javamovie.php?img1=stb_cor2&img2=sta_cor2&stime=20130521_0000&etime=20130522_0000                                                 https://cdaw.gsfc.nasa.gov/movie/make_javamovie.php?img1=stb_e195&img2=sta_e195&stime=20130521_0000&etime=20130522_0000,Backsided,,,,,,,,,0.00,,,,,,,,,,,,,,,,,,,,,,,,,,,,,
38,27/05/2013,---, ,"https://cdaw.gsfc.nasa.gov/movie/make_javamovie.php?stime=20130526_2024&etime=20130527_2345&img1=lasc2rdf&title=20130527.002405.p026g;V=224km/s                                                            https://cdaw.gsfc.nasa.gov/movie/make_javamovie.php?img1=stb_cor2&img2=sta_cor2&stime=20130527_0000&etime=20130528_0000                                                 https://cdaw.gsfc.nasa.gov/movie/make_javamovie.php?img1=stb_e195rd&img2=sta_e195rd&stime=20130526_1600&etime=20130527_1900 https://sdo.gsfc.nasa.gov/data/aiahmi/browse/movie.php
",Creemos que está en el cuadrante noreste. Buscar bien la fuente. No se aprecia bien en SDO. ,,,,,,,,,0.00,,,,,,,,,,,,,,,,,,,,,,,,,,,,,
39,29/05/2013,---,,https://cdaw.gsfc.nasa.gov/movie/make_javamovie.php?stime=20130529_0024&etime=20130529_1845&img1=lasc2rdf&title=20130527.002405.p026g;V=224km/s                                                                                                     https://cdaw.gsfc.nasa.gov/movie/make_javamovie.php?img1=stb_cor2&img2=sta_cor2&stime=20130529_0000&etime=20130530_0000                                                                                                                                                https://cdaw.gsfc.nasa.gov/movie/make_javamovie.php?img1=stb_e304&img2=sta_e304&stime=20130529_0000&etime=20130530_0000,Backsided,Se aprecia muy bien el filamento en EUVI.,,,,,,,,0.00,,,,,,,,,,,,,,,,,,,,,,,,,,,,,
40,31/05/2013,11755,"Filamento muuuuy grande, con una pata en la AR",https://cdaw.gsfc.nasa.gov/movie/make_javamovie.php?stime=20130531_1600&etime=20130531_2359&img1=lasc2rdf&title=20130530.102407.p050g;V=404km/s https://cdaw.gsfc.nasa.gov/movie/make_javamovie.php?img1=stb_cor2&img2=sta_cor2&stime=20130531_0800&etime=20130531_2359 https://cdaw.gsfc.nasa.gov/movie/make_javamovie.php?img1=stb_e304&img2=sta_e304&stime=20130531_1500&etime=20130531_2359,"Sobre el meridional, levemente al norte.",,,,,,,,,0.00,,,,,,,,,,,,,,,,,,,,,,,,,,,,,
41,31/05/2013,---,which one?,,,,,,,,,,,0.00,,,,,,,,,,,,,,,,,,,,,,,,,,,,,
42,05/06/2013,11762.11763,,https://cdaw.gsfc.nasa.gov/movie/make_javamovie.php?stime=20130605_0600&etime=20130605_2059&img1=lasc2rdf&title=20130530.102407.p050g;V=404km/s https://cdaw.gsfc.nasa.gov/movie/make_javamovie.php?img1=stb_e195&img2=sta_e195&stime=20130605_0600&etime=20130605_1800 https://cdaw.gsfc.nasa.gov/movie/make_javamovie.php?img1=stb_cor2&img2=sta_cor2&stime=20130605_0800&etime=20130605_2159,Cuadrante suroeste.,,,,,,,,,0.00,,,,,,,,,,,,,,,,,,,,,,,,,,,,,
43,17/06/2013,---,"Filamento al sur este, cerca del polo. No hay AR",https://cdaw.gsfc.nasa.gov/movie/make_javamovie.php?stime=20130617_1600&etime=20130617_2359&img1=lasc2rdf&title=20130530.102407.p050g;V=404km/s https://cdaw.gsfc.nasa.gov/movie/make_javamovie.php?img1=stb_e304&img2=sta_e304&stime=20130617_1200&etime=20130617_2359 https://cdaw.gsfc.nasa.gov/movie/make_javamovie.php?img1=stb_cor2&img2=sta_cor2&stime=20130617_1600&etime=20130617_2359 ,Cuadrante sureste. Limbo Solar.,,,,,,,,,0.00,,,,,,,,,,,,,,,,,,,,,,,,,,,,,